"Keyword","Impressions","Clicks","CTR","Avg. Position"
"best send money apps","5751","0","0%","3.042949886976178"
"remitly","4148","4","0.1%","6.206117261330761"
"usd dollar index outlook 2026","1122","0","0%","3.632808199643494"
"remitly money transfer","774","3","0.39%","4.0762332041343665"
"best international money transfer apps","119","5","4.2%","6.252103361344537"
"worldremit","108","0","0%","8.41669537037037"
"money transfer app","82","0","0%","8.45120975609756"
"comparing wire transfer fees among major banks","80","1","1.25%","6.9"
"best ways to handle international client payments with low fees","71","0","0%","3.338001408450704"
"iban number format","64","0","0%","6.9999921875"
"bank comparison for wire transfer speed","61","2","3.2800000000000002%","7.049183606557377"
"remitly sending money","52","0","0%","4.9230846153846155"
"iban lu","48","0","0%","8.937497916666667"
"xoom","45","0","0%","8.000002222222223"
"usd to egp transfer","43","0","0%","1.976746511627907"
"iban ie","38","0","0%","7.052615789473685"
"best multi-currency accounts","37","0","0%","8.783762162162162"
"ofx","34","1","2.94%","6.970605882352942"
"money transfer apps","26","1","3.85%","6.038461538461538"
"remitly rate","23","0","0%","3.8695695652173914"
"cheapest way to send money to mexico","23","1","4.3500000000000005%","3.130443478260869"
"instant transfer europe","21","0","0%","2"
"moneygram western union","20","0","0%","8.149995"
"75 usd to gbp last 2 april 2026","20","0","0%","6"
"swiss bank clearing number in iban","20","0","0%","4"
"mobile transfer usa to tanzania limit","18","0","0%","7"
"german iban example","18","1","5.5600000000000005%","3.9444500000000002"
"cheapest way to wire money","17","0","0%","11.882352941176471"
"iban number example","15","0","0%","8.600006666666667"
"compare fees for international wire transfers","15","1","6.67%","7.4"
"www.remitly.com","15","0","0%","6.7333"
"cheapest international wire transfer fee","14","0","0%","2.9999785714285716"
"cib iban","14","0","0%","4.7143"
"paypal vs revolut","13","2","15.38%","3.0769153846153845"
"xoom.com","13","0","0%","9.5385"
"usd live rate today","12","0","0%","7.5833"
"iban format by country","12","0","0%","5.1667"
"best money transfer app","12","1","8.33%","7.083324999999999"
"iban explained","11","0","0%","5.636363636363637"
"remitly send money","11","0","0%","4"
"international business payments","10","0","0%","9.7"
"finland bank account number format","10","0","0%","7.69996"
"compare popular transfer","10","0","0%","4.9"
"remitly.com","10","0","0%","6.2"
"why is the dollar weak 2026","10","0","0%","3.8"
"best international money transfer services","8","1","12.5%","5.3749875"
"us dollar forecast 2026","8","1","12.5%","3"
"western union uk to mexico","8","0","0%","3"
"iban germany","8","0","0%","6.3750125"
"wise rates","7","0","0%","5.285742857142857"
"international wire transfer fees explained","7","0","0%","8"
"best international wire transfer services","7","1","14.290000000000001%","3.4286"
"what is the future of us dollar vs us dollar now in 2026 year","7","1","14.290000000000001%","3"
"wire fee","7","0","0%","7.428571428571429"
"pound to pkr","7","0","0%","3.4286"
"free money sending apps","6","0","0%","9.5"
"apps to send money","6","1","16.67%","3.5"
"lu iban","6","0","0%","8.666666666666666"
"how to avoid wire transfer fees","6","0","0%","4.333333333333333"
"what is the finland 1 rup in india","6","0","0%","8.5"
"international wire fee","6","0","0%","8"
"remitly choice","6","0","0%","4.166666666666667"
"iban luxembourg","6","0","0%","8.666666666666666"
"outputter iban germany","5","0","0%","5.2"
"us dollar drop 2026","5","0","0%","3.8"
"compare transfer limits","5","0","0%","1"
"revolut foreign transaction fee","5","0","0%","2"
"taptap send rate today","5","1","20%","5.59998"
"what are money sending apps","5","0","0%","9.2"
"iban cib egypt","5","1","20%","4.59998"
"iban hungary","5","0","0%","9"
"how to send the money from south africa to ethiopian airlines","5","0","0%","8"
"luxembourg iban","5","0","0%","5.8"
"iban austria","5","0","0%","5.79998"
"send usd from india to ethopia","4","0","0%","4"
"saudi arabia iban example","4","0","0%","5"
"safest app to send money","4","0","0%","5.25"
"typical wire transfer fee","4","0","0%","5.75"
"does euro cost more in 2026 may or dollar","4","2","50%","2.25"
"remitly delivery options","4","0","0%","2"
"italian iban format","4","0","0%","5"
"revolut exchange fees","4","0","0%","2.5"
"cheapest way totransferring money from uk to france","4","0","0%","6.5"
"minutes april 2026","4","0","0%","8"
"best foreign currency exchange options","4","0","0%","2"
"ing bank strykow poland iban","4","0","0%","10"
"what is minimum dlls to send to colombia today","4","1","25%","6.25"
"does revolut charge fees abroad","4","3","75%","2.75"
"swift code for ghana commercial bank account","4","0","0%","3"
"iban romania","4","0","0%","8.750025"
"how to manage multiple currency accounts","4","0","0%","2.75"
"wire transfer fees","4","0","0%","6"
"wise vs remitly fees","3","0","0%","4.6667"
"best money remittance to philippines","3","0","0%","1"
"spain iban format","3","0","0%","6.333333333333333"
"safe online money transfer compaines between us and mexico","3","1","33.33%","2"
"revolut hold multiple currencies","3","0","0%","7"
"iban poland","3","0","0%","7.333333333333333"
"iban code explained","3","0","0%","7.6667"
"how many characters is iban number","3","0","0%","4"
"remittance to ethiopia 2026","3","0","0%","5"
"compare best transfer","3","0","0%","4.333333333333333"
"mandemoneytransfer.com","3","0","0%","2"
"multi currency bank accounts comparison chart 2026","3","0","0%","12.6667"
"wise vs remitly","3","0","0%","3.6666666666666665"
"does revolut charge foreign transaction fees","3","1","33.33%","2"
"italy iban number sample","3","0","0%","4"
"italian iban","3","0","0%","3.6666666666666665"
"ecb rate decision april 30 2026","3","0","0%","8.3333"
"us dollar index dxy may 2026 level","3","0","0%","6.6667"
"money tranfer nach nigeria","3","1","33.33%","9"
"spanish bank account number format","3","0","0%","8.6667"
"what does the mark up in exchange rates mean","3","0","0%","1"
"cheapest way transfer money internationally","3","0","0%","15.333333333333334"
"luxemburg iban","3","0","0%","10"
"code bancaire brésilien virement","3","0","0%","5"
"moneygram is cheaper now than wise","3","1","33.33%","5"
"how to read swift code","3","0","0%","3.6667"
"italy iban example","3","0","0%","4"
"remitly transfer fees","3","0","0%","4"
"sample german iban","3","0","0%","7"
"exchange rate dollar to philippine peso","3","0","0%","5.6667"
"whats the limit you can send via western union uk","3","0","0%","9.3333"
"wise transfer limits","3","0","0%","7"
"top international wire transfer services","3","0","0%","5.333333333333333"
"haw many money in the world aed to pakistan money check send whatsapp number send nice","3","1","33.33%","2"
"belgium bank account number format","3","0","0%","2.6667"
"money transfers from australia to china","3","0","0%","8.3333"
"portuguese iban format","3","1","33.33%","4"
"iban autrichien","3","0","0%","8"
"italian iban example","3","0","0%","3.3333333333333335"
"how much money you can transfer from abroad to german account without any scrutiny in a day or month","3","0","0%","2"
"exchange rate mark up","3","2","66.67%","1.3333333333333333"
"list of money transfer apps","3","2","66.67%","6.333333333333333"
"high rated money transfer service","3","0","0%","6"
"iban banque indonesienne","3","0","0%","5"
"top money transfer apps","3","0","0%","8"
"portagul exchange markup","3","0","0%","1"
"instant money transfer app","3","0","0%","7.333333333333333"
"kuwait iban example","3","0","0%","4"
"tap tap send rate today pakistan currency rate","3","0","0%","6"
"send money to pakistan","3","0","0%","9"
"ie iban","3","0","0%","8"
"united arab emirates iban format","3","0","0%","5"
"exchange rate us dollar to philippine peso","3","0","0%","4.6667"
"euro to cameroon via wise","3","0","0%","3"
"iban structure on ksa","3","1","33.33%","4"
"italy iban format","3","0","0%","5.333333333333333"
"codigos bancos colombia","3","0","0%","10"
"france iban format","3","0","0%","6"
"how does alipay work when transferring money from usa to china","2","1","50%","1"
"taxa do paypal x wise","2","0","0%","7"
"person to money transfer apps","2","0","0%","3.5"
"sort code iban spagnolo","2","0","0%","6"
"a qué pais corresponde el código bancario egipto","2","1","50%","4"
"exemple bic bresil","2","0","0%","5"
"iban néerlandais","2","0","0%","8"
"composizione iban romania","2","0","0%","7"
"us dollar index dxy may 2026 current level","2","0","0%","2"
"how to avoid 1% tax when sending money","2","1","50%","4"
"cheapest money transfer to philippines","2","1","50%","1.5"
"how does wise offer better rates","2","0","0%","2"
"hkd to php western union hong kong","2","0","0%","6"
"iban italy format","2","0","0%","6"
"money transfer from canada to india","2","1","50%","1.5"
"pays iban bh","2","0","0%","7"
"iban cy","2","0","0%","7.5"
"georgia iban","2","0","0%","7"
"compare transfer","2","0","0%","6.5"
"how to send money to uzbekistan","2","0","0%","3"
"saudi bank iban","2","1","50%","6.5"
"best instant money transfer app","2","0","0%","2"
"iban egypt","2","0","0%","8"
"bic iban pérou bbva","2","0","0%","8"
"send monety from uk to india","2","0","0%","5"
"what is the best way to send money to kenya","2","0","0%","8"
"how much 2000 money from uae to php","2","0","0%","8"
"db poland domestic transfer code","2","1","50%","1"
"compare money sending apps and show best in kenya","2","0","0%","1"
"bahrain to india best money transfer rate","2","0","0%","2"
"send money from canada to india compare rates","2","1","50%","1"
"wise nasdaq.listing existing lse shares","2","1","50%","1"
"us dollar 2026","2","0","0%","2.5"
"money transfer service for france","2","0","0%","6"
"italy ibna","2","0","0%","3"
"iban israel","2","0","0%","8"
"iban georgia","2","0","0%","7"
"crypto transfer limits 2026","2","1","50%","6"
"send money to paraguay","2","0","0%","8"
"who else transfers money besides western union money transfer","2","1","50%","1"
"typical iban number","2","0","0%","6"
"belgium bank key format","2","1","50%","3"
"iban frances","2","0","0%","7"
"usd power forecast 2026","2","0","0%","3"
"iban italy","2","0","0%","6.5"
"send money to the philippines","2","0","0%","3.5"
"iban starting with pkr","2","1","50%","2"
"does xe offer a debit card","2","0","0%","5"
"tra n sfer money to cameroon","2","1","50%","8"
"united states contacts number sending money to kenya contact","2","0","0%","7"
"us dollar value drop 2026","2","0","0%","3"
"hr iban","2","0","0%","6"
"iban in spain","2","0","0%","7.5"
"iban italia","2","0","0%","9"
"iban finland","2","0","0%","8.5"
"como es un iban rumano","2","1","50%","3"
"best rate to send money to pakistan","2","0","0%","2"
"give me an iban example in germany","2","1","50%","4"
"what is the cheapest way to send money from europe to south africa","2","0","0%","2"
"iban pk","2","0","0%","6.5"
"does a revolut card charge for spending abroad","2","0","0%","5"
"spain iban lenght","2","0","0%","9"
"bank code format italy","2","0","0%","5"
"will euro cost go down","2","1","50%","2"
"revoult currency exchange fees above limit","2","0","0%","4"
"best online money transfers online","2","1","50%","7"
"pln_account_code","2","0","0%","5"
"inban italien","2","1","50%","2"
"iban fields in ireland","2","1","50%","2"
"does revolut charge fees for exchanging money between euro and dollar","2","0","0%","3.5"
"italy bank iban check link","2","0","0%","6"
"receive money in china from usa","2","0","0%","3"
"what bank does revolut use in us","2","1","50%","3"
"bic philippines","2","0","0%","5.5"
"what is the cheapest, safest and simplest way to transfer money from japan to australia?","2","0","0%","6"
"revolut charges on receive international transfers","2","1","50%","2"
"baat pay uk shar or sharei","2","0","0%","2"
"wells fargo and barclays","2","0","0%","9"
"how much rate in uk to nepal","2","2","100%","4"
"2026 currency forecast","2","1","50%","2"
"send money to south korea","2","1","50%","1"
"xoom money","2","1","50%","4"
"googleequirements for bank transfer from us to ph","2","1","50%","3"
"finland to bangladesh money transfer","2","0","0%","7"
"how is spanish bank account numbers broken down ?","2","0","0%","7"
"find sort code in an italian iban number","2","0","0%","10"
"is it cheaper send money from canada to el salvador with td bank or other method transfer","2","0","0%","7"
"swift nigeria","2","0","0%","9"
"what is iban for sweden","2","1","50%","5.5"
"bank charge to send miney to bangladash","2","0","0%","5"
"does xoom send to jamaica cost","2","1","50%","3"
"ecb bank of england rate decision april 30 2026","2","1","50%","8"
"sinews swift ghana","2","0","0%","6"
"ecb meeting april 2026","2","0","0%","10"
"iban italie","2","0","0%","8"
"check iban number for kuwait","2","0","0%","8"
"iban number for chalet de epee italyformat in italy today","2","0","0%","6"
"easiest way to transfer money to india from uae without emirates id","2","0","0%","2"
"send money from uk to france","2","0","0%","7"
"international money transfer services compared","2","1","50%","3.5"
"ace dental worldremit transfert","2","0","0%","3"
"best gbp to cad conversion apps","2","0","0%","2"
"is remitly safe to send money","2","0","0%","7"
"how much it costs to send 10000 cad internationally with revolut","2","0","0%","1"
"kfw development bank ghana swift code","2","0","0%","8"
"+comper swifts in egypt","2","0","0%","6"
"who should use xoom?","2","1","50%","3"
"instarem cad to philippines peso","2","0","0%","3"
"ecb rate decicion april 2026","2","0","0%","9"
"western union maximum transfer limit","2","0","0%","6"
"apps that transfer money internationally","2","0","0%","2"
"what is the limit of wire transfer from different country to philippines","2","0","0%","5"
"nl iban format","2","0","0%","6.5"
"german iban format","2","0","0%","6"
"how can i send money to someone in china from us?","2","0","0%","1"
"iban # for united arab emerates","2","0","0%","4"
"cy iban","2","0","0%","7.5"
"www.todays exchange rate in pound sterling to pakistani rupees.co.uk","2","1","50%","6.5"
"will the us dollar go up if governemnet spending goes up in europe","2","1","50%","1"
"france to turkey bills","2","0","0%","2"
"filing wise nasdaq london wise yoy","2","0","0%","6.5"
"sending money aus to canada","2","0","0%","8"
"germany iban sample","2","0","0%","5"
"gcash qatar to philippines","2","0","0%","6"
"valid sepa iban italy","2","1","50%","1"
"iban espana example","2","0","0%","4"
"italy iban number agency code","2","0","0%","5"
"top ways to send money to mexico","2","1","50%","5"
"dxy us dollar index may 2026 current level","2","1","50%","2"
"iban spain","2","0","0%","6.5"
"strength of us dollar in 2026","2","0","0%","4"
"atm usa send the philippines","2","0","0%","2"
"which bank sends krw","2","0","0%","3"
"send money to philippines cheap","2","1","50%","1"
"taptap send vs remitly","2","0","0%","3"
"usd prediction 2026","2","3","150%","3"
"israel iban","2","0","0%","7"
"remit to philippines","2","0","0%","6"
"how to avoid the hidden fees in international currency transfers at banks","2","1","50%","2.5"
"max ammount to pay per","2","0","0%","9"
"uae iban","2","0","0%","7"
"us dollar index dxy current level may 2026","2","0","0%","6.5"
"iban espagnol","2","0","0%","6"
"international bank account number format","2","0","0%","7"
"xe season 2026 house keeping","2","0","0%","2"
"which bank has an iban starts with qa","2","1","50%","2"
"sweden example iban and bic","2","0","0%","10"
"iban in italy","2","0","0%","4.5"
"semporna send money to philipine","2","0","0%","5"
"dollar forecast 2026","2","1","50%","3.5"
"compare wise and hsbc in wire transfers of usd from hk to us","2","1","50%","3"
"revolut abroad fees","2","0","0%","3"
"is taptap send safe","2","1","50%","4"
"iban number in italy format","2","0","0%","2"
"money app to send money","2","0","0%","6"
"ejemplo iban romania","2","1","50%","1"
"what is inpay as iban number","2","0","0%","3"
"whats swift fee to turkey from germany","2","1","50%","1"
"wise nasdaq","2","1","50%","4"
"irish iban example","2","3","150%","1"
"safest app to transfer money","2","0","0%","13.5"
"how to sent money from uae to easypaisa account","2","0","0%","3"
"forex exchange rates today dollars to poses","2","2","100%","8.5"
"best instant money transfer servciees 2026 calendar","2","0","0%","1"
"rba april decision","2","0","0%","4"
"explain swift codes in detail","2","0","0%","79.5"
"how many times a day can i send money abroad a day from muzaini exchanfe","2","0","0%","2"
"what is bank swift code in canada","2","0","0%","7"
"iban austria entidad bancaria","2","0","0%","5"
"cuantos digitos tiene el iban frances","2","0","0%","5"
"iban no. for chalet de epee italy","2","0","0%","6"
"70-14-23 bank italy","2","0","0%","1"
"code iban autriche","2","0","0%","7"
"does remitly charge lower fees than wise canada","2","1","50%","1"
"the spanish iban","2","0","0%","7.5"
"iban luxemburg","2","0","0%","10"
"best app for transferring money","2","1","50%","8"
"cuantos dígitos tienen un iban de luxemburgo","2","0","0%","3"
"ria send money to zimbabwe","2","0","0%","3"
"ofx canada what is the fees and charges","2","0","0%","5"
"maximum transfer amount","2","0","0%","3"
"send money to kenya m-pesa from cameroon","2","0","0%","2"
"irish bank account number from iban","2","1","50%","2"
"us remittance tax interpretation","2","0","0%","22.5"
"nasdaq wise bank","2","1","50%","2"
"send or transfer money to china from the united states with remitly","2","0","0%","2"
"best rate to trasfer money to guatemala","2","0","0%","2"
"xe.com compare","2","0","0%","5"
"iban germania","2","0","0%","7"
"money transfer to ethiopia rate","2","1","50%","1"
"bic/swift banque coréen","2","0","0%","6"
"how much does it cost to exchange gbp to mad in agadir","2","0","0%","6"
"hu iban","2","0","0%","7.5"
"canada money 1000 in germany","2","0","0%","1"
"spanish iban structure","2","0","0%","9"
"qual mas conveniente remitly ou wise","2","0","0%","4"
"what is the transfer fee from remitly to transfer money to china","2","1","50%","5.5"
"taptap send rate","2","0","0%","2.5"
"netherlands iban","2","1","50%","5"
"how much do xe charge compared to wise","2","1","50%","1"
"money transferring apps","2","1","50%","2.5"
"swift bic code for nigeria stripe bank","2","1","50%","2"
"remitly fees from usd to gbp","2","1","50%","3"
"lu iban country","2","0","0%","8"
"does revikit charge more on weekends","2","0","0%","2"
"ecb instant payments statistics 2026","2","0","0%","2"
"france iban example","2","0","0%","5"
"us remittance tax","2","0","0%","5"
"USD forecast 2026","2","0","0%","3.5"
"best least expensive money transfer apps","2","1","50%","2"
"revolut terms daily fx charge free","2","2","100%","3"
"iban code 026 greece","2","1","50%","1"
"i am living in united state, how much maximum money can i send to my family member in vietnam","2","0","0%","7"
"remitly rate dollar to naira deals today","2","2","100%","2"
"romania iban format","2","0","0%","4.5"
"bank wire transfer fees","2","0","0%","8"
"which branches in pakistan do international swift transfer","2","1","50%","1"
"example check italy","2","0","0%","3"
"best money transfer services","2","0","0%","8.5"
"wise nasdaq london wise 2.5bganibloomberg","2","0","0%","6.5"
"find popular transfer","2","0","0%","6.5"
"how much limit of money you can send italy to philippines","2","0","0%","1"
"transfer best account","2","0","0%","4.5"
"international money transfer limits","2","0","0%","5"
"can i pay an italian iban count online","2","0","0%","5"
"international sending money transaction exceed limit","1","1","100%","1"
"what is the fastest means of sending  money from usa to nigeria","1","1","100%","6"
"laptop send money to pakistan","1","0","0%","1"
"italia sample iban italy","1","0","0%","6"
"iban spain ccs","1","1","100%","5"
"can i send money to my natwest from my revolut","1","0","0%","3"
"best way to send money to spain","1","0","0%","1"
"es44 in bank codes spain","1","0","0%","10"
"whast an iban number ai answer","1","0","0%","1"
"egypt iban ex","1","1","100%","5"
"wise to natwest transfer","1","1","100%","2"
"send money to loved ones abroad","1","0","0%","8"
"ireland to brl","1","0","0%","5"
"1-3% foregin exchange markup","1","1","100%","2"
"online money transfer to philippines from usa best rates","1","1","100%","1"
"which money transfer company has best rate and sending fee to philippines","1","1","100%","1"
"bank account format swiss bank accounts","1","1","100%","4"
"iban romania è sct o no sct","1","0","0%","4"
"envoi d'argent france vers ghana, quel agence est moins cher?","1","0","0%","1"
"why is the us dollar going down april 2026 year","1","0","0%","6"
"sending money to.china best way and.less risk alibaba","1","1","100%","3"
"スペイン　iban　24桁","1","0","0%","2"
"pakistan bank akaun number","1","1","100%","1"
"wise conversion rate vs westpac","1","1","100%","1"
"does revolut now charge exchange fees?","1","0","0%","3"
"english iban swift poland","1","1","100%","6"
"how to oay usdt from bd to abroad","1","1","100%","2"
"kenya comercial bank nauru branch swift code and international wire transfer instructions","1","2","200%","6"
"does america send money to zambia","1","0","0%","1"
"ofx.com","1","0","0%","6"
"bahrain to india money transfer","1","1","100%","1"
"what is the maximum amount of money i can send to jamaica by western union","1","1","100%","3"
"maximum limit of money transfer through western un","1","0","0%","5"
"best multi currency account","1","0","0%","10"
"best send money to philippines","1","1","100%","1"
"ramadan travel money","1","0","0%","9"
"remitly daily transfer limit","1","0","0%","6"
"app to transfer money","1","0","0%","7"
"regarding atm bank fees and exchange rates is it better to use wise account or anz account to withdraw money when in nz","1","0","0%","7"
"2026 remittance prices worldwide quarterly","1","1","100%","4"
"iban structure spain","1","0","0%","9"
"why pound is going down 2026","1","1","100%","1"
"revolut us accounts","1","0","0%","3"
"when is it cheaper to exchange currency revolut","1","1","100%","2"
"saudi arabia bank account number format","1","0","0%","3"
"can we send money via palpal from germany to philippines?","1","0","0%","2"
"spain interbank code \","1","0","0%","6"
"why have wise shares dropped after nasdaq listing","1","0","0%","4"
"branch code of finland iban","1","1","100%","5"
"give me an example of an irish swift code","1","0","0%","3"
"remittance us to philippines","1","0","0%","2"
"italia sample indirizzosample iban italy","1","0","0%","7"
"money via internet dominican republic","1","1","100%","9"
"global-currency-tracker may mai 2026","1","1","100%","1"
"european payments news april 2026 instant payments digital euro sct inst regulation","1","0","0%","4"
"sweden iban format","1","1","100%","5"
"commerzbank  credit card iban  number without de","1","0","0%","8"
"iban saib egypt","1","1","100%","6"
"remitly where from","1","0","0%","4"
"italian international iban","1","0","0%","3"
"code swift en inde","1","0","0%","8"
"• cash transfer size: how much is enough?","1","0","0%","9"
"iban meaning in italy","1","0","0%","7"
"how much limit of uv bank account transfer","1","0","0%","8"
"cameroon yoomee xaf direct","1","0","0%","6"
"how to send money from uae to easypaisa account","1","1","100%","3"
"cheapest way to transfer funds from hsbc to revolut","1","0","0%","3"
"send money to ethiopia","1","0","0%","3"
"wire transfer (bank transfer, a us$ 40 fee will be added)","1","0","0%","5"
"sample iban number germany","1","0","0%","6"
"will the usd go up in 2026","1","0","0%","2"
"usd dollar index dxy may 19 2026 current value","1","0","0%","10"
"what is the best transfer app","1","0","0%","2"
"best app to send money","1","0","0%","2"
"best site for sending money to inr","1","1","100%","2"
"options to secure a payment with an international supplier","1","0","0%","2"
"usd wire to bdt accountbangladesh","1","0","0%","3"
"alipay fee to transfer from us to china","1","1","100%","2"
"ways to send money to an account in phillipines","1","0","0%","2"
"ace dental worldremit","1","0","0%","7"
"is paypal or hsbc global money better exchange rate usd to gbp","1","1","100%","2"
"united arab emirate swift","1","0","0%","7"
"remitly e transfer fee calculator","1","0","0%","3"
"iban structure italy","1","0","0%","6"
"what is the maximum limit that i can transfer from funds abrod to unionbank online uisng wire transfer","1","0","0%","9"
"best online money transfer","1","1","100%","4"
"remitly#N#currencies direct currencies offeredfair fx","1","1","100%","1"
"dxy dollar index level may 15 2026 financial markets","1","0","0%","4"
"what is the maximum you can transfer to australia","1","0","0%","9"
"is the us dollar losing value in 2026","1","1","100%","3"
"what is an iban format in  spain","1","0","0%","4"
"hamro shopping","1","0","0%","3"
"what does the iban number start with if the polish bank account is savings or checking accout?","1","1","100%","1"
"bnpパリバ ポーランド iban","1","0","0%","7"
"money transfer to egypt","1","0","0%","7"
"maximum money transfer without reporting","1","0","0%","5"
"does mexico have iban","1","0","0%","9"
"sepa 10 second transfer effective date","1","1","100%","4"
"send money to jamaica from us","1","1","100%","4"
"federal reserve interest rate dot plot 2026 gold impact","1","1","100%","9"
"taptap send transfer rate","1","0","0%","3"
"transfer fee varies from bank to bank","1","0","0%","4"
"fastest way to transfer money internationally","1","1","100%","6"
"what is the maximum amount transfer wise can receive per transfer ?","1","0","0%","10"
"ace money transfer promo code","1","0","0%","7"
"sending money from tunisia to egypt","1","0","0%","9"
"money transfer ka sabse best app kaun sa hai","1","1","100%","1"
"sending money from capital one to jamaica","1","1","100%","10"
"bank singapore lengkap dengan nomor acoount dan swift code","1","1","100%","7"
"send money abroad with wise","1","0","0%","8"
"パキスタン iban code","1","0","0%","3"
"ed touil#N##N##N##N#morocco#N##N##N##N#cash pickup - anywhere/10 minute service#N##N##N##N#mr abdi mohamed#N##N##N##N#morocco#N##N##N##N#bank deposit","1","0","0%","7"
"dollar value will be going down prediction","1","2","200%","2"
"italty national check digit","1","1","100%","7"
"speed money transfer nepal","1","0","0%","10"
"is there a limit for wise transactions","1","0","0%","9"
"western union cash transfer vs chase","1","1","100%","1"
"the best way to send money abroad fast","1","1","100%","1"
"can a us wechat account send money to a chinese wechat account","1","0","0%","2"
"what is weeklylimit to transfer monet at revolut bank","1","1","100%","4"
"how many pakistani rupees do pakistan have in 2026","1","1","100%","1"
"structure iban espagnole","1","0","0%","9"
"i need to wire transfer to an italian bank what do the bank numbers look like?","1","1","100%","2"
"austria bank codes iban","1","1","100%","4"
"überweisungskosten südafrika","1","1","100%","4"
"reliable money transfer from uk to ghana","1","1","100%","6"
"how strong is the us dollar in 2026","1","1","100%","2"
"best way to send a check to israel","1","1","100%","4"
"iban number for italy in usd currency","1","1","100%","3"
"money gram to nequi colombia","1","0","0%","3"
"bankof georgia iban","1","1","100%","3"
"what will be  us dollar price in december 2026","1","1","100%","1"
"remitly australia exchange rate","1","0","0%","10"
"how to transfer from wechat via skyremit","1","0","0%","4"
"uae bank swift code","1","1","100%","5"
"polish bank transaction codes baro","1","1","100%","1"
"fastest yet affordable ways to send money with better interest rates and secure usd to php","1","1","100%","1"
"revolut fees saturday if you pay with euros in polish restaurant","1","0","0%","2"
"wiring money to rwanda no fees quick","1","1","100%","2"
"how much can i transfer per year from my fnb account to my overseas account","1","0","0%","5"
"what’s changing?#N##N#as of 21 march 2026, we’ve updated the ‘eurozone-sepa payment’ screen in hsbcnet so you can include sepa instant payment instructions for up to 200 beneficiaries within a single submission. this makes it quicker to submit payments without needing to create individual transactions for each beneficiary.#N##N##N##N#this enhancement also extends to payment templates, so you can create and use templates with multiple beneficiaries.#N##N##N##N#here’s where you can include payment details for additional beneficiaries in the ‘eurozone-sepa payment’ screen","1","0","0%","2"
"(https://wise.com/gb/multi-currency-account/","1","0","0%","6"
"+wite transfer money fees chart","1","1","100%","7"
"wise fee to send money from canada to taiwan","1","0","0%","9"
"payment businesses in china to remit cny abroad for foreigners in china","1","1","100%","1"
"cell plus mauritius send money phone to.phone","1","0","0%","6"
"what are the charged to use revolut abroaf","1","1","100%","1"
"wise abre na bolsa americana","1","0","0%","8"
"サウジアラビア iban","1","0","0%","7"
"best price to send money to zim","1","1","100%","1"
"revolut how much can i change to euros free","1","1","100%","2"
"bank fee on international transfer meaning","1","1","100%","1"
"do we have remitly money transfer in jamaica","1","1","100%","4"
"german iban example without spaces","1","0","0%","3"
"taptap send pound rate in pk today","1","0","0%","10"
"revolut us account","1","0","0%","4"
"code swift en inde banque","1","0","0%","7"
"revolut uban in 22 character format","1","1","100%","1"
"moneygram cad to php rate","1","0","0%","2"
"does remitly works for china","1","0","0%","6"
"us dollar index forecast 2026 2027 dxy outlook","1","0","0%","4"
"expecting an increase of interest rate ecb where will be the exchange euro us dollar end of june 2026","1","0","0%","7"
"online money transfer to philippines from usa from","1","0","0%","1"
"how much it costs to send 10000 cad with revolut","1","0","0%","2"
"can wise send directly to gcash","1","0","0%","10"
"compare o câmbio compare empresas de transferência de dinheiro. a wise usa a taxa de câmbio","1","0","0%","4"
"how much money can i send to uk va sendtransfers","1","1","100%","2"
"sri lanka银行 swift code","1","0","0%","5"
"wise and chase","1","0","0%","4"
"iban branch code italy","1","0","0%","5"
"which banks offers lux iban","1","0","0%","7"
"revolut when do they charge for euro transactions","1","1","100%","2"
"iban espagne","1","0","0%","9"
"how to send money to the philippines online","1","0","0%","6"
"when will the american dollar drop again 2026","1","1","100%","3"
"send money globally from wise versus remitly","1","1","100%","2"
"wise send money from australia to france","1","1","100%","2"
"wise transfer limit","1","0","0%","7"
"money sending apps","1","0","0%","2"
"wire transfer to italy 22 or 27 digit account","1","2","200%","1"
"what is hungary iban starts by","1","0","0%","9"
"western union europe to cameroon","1","0","0%","4"
"dxy dollar index close may 23 2026","1","1","100%","9"
"taptap send rate to ghana","1","0","0%","3"
"iban currency belgium example","1","1","100%","2"
"max. iban length italian","1","0","0%","7"
"excellent cash transfer apps","1","1","100%","3"
"remitly vs western union fees for sending money","1","1","100%","1"
"revolut us","1","0","0%","4"
"saudita arabia iban","1","0","0%","6"
"send money revolut to airtel","1","0","0%","4"
"$ 588accept and send","1","0","0%","1"
"transfer rates uk to pkr wire transfer compare","1","1","100%","3"
"sending money to family overseas limits","1","1","100%","1"
"iban format spain","1","0","0%","5"
"လွမ်းလို့မကျန်ရစ်စေလို အစအဆုံး","1","0","0%","3"
"swiftcode gerona philippines","1","0","0%","7"
"dollar price inf  remit2any","1","1","100%","7"
"wise plc nasdaq listing news may 2026","1","0","0%","1"
"wise remitly and what other sources ?","1","0","0%","2"
"what is a bank iban number","1","0","0%","9"
"different ways to send money to south africa by mobile phone","1","1","100%","1"
"luxemburgo tiene iban","1","0","0%","5"
"the power dollar in us an word 2026","1","1","100%","4"
"will dollar get stronger in 2026","1","1","100%","2"
"cheapest way send money internationally","1","0","0%","8"
"how to send money to china","1","1","100%","5"
"how to send money to nigeria online","1","1","100%","3"
"euro echange rate prediction 2027","1","1","100%","5"
"moneygram estimate fees","1","0","0%","3"
"what is wester union and money gram equivalent in china","1","0","0%","8"
"can revolut buy hsbc","1","0","0%","2"
"how to wire usd from usa to china in cny at lowest fee","1","1","100%","2"
"correspondent fee varys with amount of money?","1","0","0%","8"
"us dollar domestic transfer in shanghai","1","0","0%","3"
"wealth simple money transfer to  spain","1","0","0%","5"
"wise send to alipay","1","0","0%","7"
"remitly how it works in japan","1","0","0%","7"
"why have wise shares dropped aftwr nasdaq listing","1","0","0%","1"
"how many charge of shipmoney to philippines per wedraw","1","0","0%","10"
"iban　germany how digit","1","0","0%","2"
"money remittance to the philippines","1","1","100%","3"
"what's the best way to send money to philippines.","1","1","100%","2"
"iban# itay","1","0","0%","6"
"bbva germany turkey money send","1","1","100%","4"
"can td send your cash to wise","1","0","0%","7"
"constant 2026 us dollers","1","0","0%","1"
"iban bank pakistan","1","0","0%","3"
"israel payment codes","1","1","100%","4"
"commission oetcentage on wise transfers","1","0","0%","8"
"commonwealth bank paypal","1","0","0%","3"
"western union or money gram","1","0","0%","7"
"send money online philippines","1","1","100%","4"
"money transfer from usa to zambia mobile money","1","1","100%","1"
"aed is doys to pakistan help me money whatsapp number send nice please","1","0","0%","3"
"high rate money transfer app","1","1","100%","1"
"cheapest money transfer app from uk to india","1","1","100%","1"
"i sthe euro falling against the dollar 2026","1","1","100%","2"
"revolut vs wise australien","1","2","200%","4"
"remittances eu india","1","0","0%","6"
"send money to another phone mauritius","1","0","0%","7"
"does revolut charge for paying in canadian dollars","1","0","0%","4"
"us dollar prediction for the month of may 2026","1","0","0%","5"
"italian document with iban","1","0","0%","4"
"can you send money to china using alipay from the us","1","1","100%","2"
"best ways to convert foreign currency to digital balance","1","0","0%","1"
"what is the best way to send money from london to india when property sold in london, is it via bank or private company?","1","1","100%","1"
"italy bank ref code","1","1","100%","5"
"revolut foreign exchange fees","1","1","100%","2"
"what is the best usd to brl exchange rate?","1","0","0%","3"
"self defense dance","1","0","0%","6"
"wise nasdaq stock price debut trading may 11 2026","1","0","0%","1"
"best money transfer platform for nigeria naira","1","1","100%","1"
"2026 remitly send money website transfer to china landing page","1","0","0%","8"
"ehats the best way to send money from zelle to philippines banks","1","2","200%","1"
"free croatian iban","1","0","0%","2"
"how long this it take as i send money to india on weekends using western union","1","0","0%","2"
"lowest fee to send money philippines","1","1","100%","1"
"trouver un code bic ou swift d'une banque brésilienne","1","2","200%","3"
"cheapest way of sending regular payments from us to uk","1","1","100%","2"
"exchange rate calculator mid market","1","1","100%","6"
"بابلو اسكوبار: راعي الشر سلسلة","1","0","0%","5"
"iban de lu","1","0","0%","8"
"how to send money to nigeria from south africa","1","0","0%","4"
"western union money transfer fees and charges","1","1","100%","7"
"iban number location italy","1","0","0%","3"
"numero.iban de bank leumi israel","1","0","0%","7"
"abel","1","0","0%","10"
"revolut news today april 2026","1","0","0%","5"
"spanish bank code (esrn)","1","0","0%","7"
"wise estreia na nasdaq","1","0","0%","10"
"2026 and 2027 forecast of usd","1","1","100%","1"
"how to send monwy to uzbekistan bank account","1","0","0%","3"
"remittly","1","0","0%","6"
"global money transfer limit","1","0","0%","7"
"us rate april 24 2026","1","0","0%","5"
"send money from saudi arabia to mtn rwanda","1","0","0%","3"
"money transfered from canada to india in 2026?","1","0","0%","3"
"us to china money transfer limit","1","0","0%","9"
"sending money to pakistan","1","0","0%","7"
"correspondent fees vary with amount of money?","1","0","0%","10"
"cmpare hsbc uk rates with revolut for transfer to bwp","1","1","100%","2"
"us dollar index dxy level may 2026 latest","1","1","100%","1"
"iban for kw","1","1","100%","1"
"western union transfer money from mauritius to uk limit amount","1","0","0%","5"
"does the new bank rules affect money coming from abroad to nigeria banks","1","0","0%","1"
"se iban country","1","0","0%","5"
"by western union to china , fee rate","1","0","0%","4"
"remittance providers to pakistan","1","0","0%","1"
"wise shares lse vs nasdaq","1","1","100%","1"
"xe one day 2026","1","0","0%","8"
"pakistan bank codes","1","0","0%","5"
"how to send money from usa to pakistan","1","1","100%","4"
"does italy use iban","1","0","0%","4"
"ecb rate 1st april 2026","1","0","0%","7"
"efficient way to transfer money to nre account from uae to india without any processing chanrge","1","1","100%","1"
"usd to forecast 2026","1","0","0%","3"
"remitly vs wise","1","0","0%","6"
"mobile money transfer apps","1","0","0%","4"
"us citizen transfer money to chinese","1","2","200%","3"
"how to send money abroad","1","0","0%","6"
"i need 2026 dollars now","1","1","100%","4"
"no hidden fees#N##N#know exact","1","1","100%","1"
"be40 belgian bank","1","1","100%","5"
"is revolut a licenced bank in us","1","0","0%","3"
"format iban protugal","1","0","0%","9"
"is westpac same as barclays","1","1","100%","1"
"what is the fee for sending money vis remitly vs senfing via wise","1","0","0%","4"
"remitly reviews 2026","1","1","100%","3"
"italy swift code from iban","1","1","100%","2"
"dollar index dxy may 2026 strength weakness","1","1","100%","9"
"payments to bangladesh cheap","1","0","0%","2"
"germany banknumber blz","1","0","0%","4"
"money transfer comparison","1","0","0%","9"
"worldremit malaysia to philippines","1","1","100%","3"
"wise wire transfer fee is cheaper than ach from chase","1","0","0%","2"
"erste bank iban number poland","1","0","0%","4"
"which way put money to bangladesh","1","0","0%","1"
"bank payments in huf hungary format","1","0","0%","9"
"pakistan banques swift","1","0","0%","2"
"routing number in italy","1","0","0%","10"
"is revolut in usa","1","0","0%","6"
"finding a swift code for belgian bank iban","1","1","100%","3"
"wise versus remitly","1","0","0%","3"
"ベルギー iban","1","0","0%","4"
"revolut multicurrency","1","1","100%","3"
"tap tap send vs westenriun union","1","1","100%","1"
"if i'm in france can i send fuds to revolut bank?","1","0","0%","3"
"is there a transfer fee to send money from usdc to an outside account in crypto","1","0","0%","6"
"what kind of licence does revolut hold in us","1","1","100%","1"
"money transfer to ethiopia","1","0","0%","3"
"how much euro can take from france to india","1","0","0%","3"
"excellent app for transferring money","1","0","0%","3"
"is there any tax when sending money from different country to us","1","0","0%","7"
"what amount can i transfer abroad monthly with wise from belgium","1","0","0%","6"
"iban  noruego por que empiez","1","0","0%","6"
"how much money charge saudi to philippine money to","1","0","0%","6"
"it60 x054 2811 1010 0000 0123","1","0","0%","8"
"iban code for austria","1","0","0%","4"
"if i pay using revilut card on a friday, for accommodation in hungary in euros will there be a conversion fee","1","1","100%","2"
"excellent app to send money","1","0","0%","1"
"how much money can you send from your bank account in the us to france","1","1","100%","2"
"whats the maximum amount allowed when wiring money overseas","1","0","0%","3"
"swift code for banks in uk","1","1","100%","4"
"sending money to address in poland through post office","1","0","0%","3"
"flipino way to send money home","1","1","100%","1"
"which bank is iban in uae","1","2","200%","5"
"iban brazil format branch account type owner","1","0","0%","8"
"cad to spain purchase cost comparison","1","0","0%","1"
"stablecoin vs wire transfer","1","0","0%","3"
"trabsfermoneytomanilaphilipines","1","1","100%","1"
"ecb rate decision schdhuhele 2026","1","1","100%","4"
"markup exchange currency","1","0","0%","1"
"cad inr best way send money","1","0","0%","1"
"numero banque neo zelandaise","1","0","0%","4"
"why the dollar is going down 2026","1","0","0%","1"
"how to send money from pakisthan to nepal","1","0","0%","5"
"usd price forecast 2026","1","0","0%","1"
"lu is which country iban","1","0","0%","6"
"boc banca habarana sri lanka cod swift","1","0","0%","7"
"german bank number format","1","0","0%","3"
"which day is good to send money to bangladesh from uk","1","1","100%","1"
"how many money transfers via western union per month","1","0","0%","7"
"remity or wise","1","0","0%","6"
"revolut bank state or province us","1","0","0%","2"
"how much money i can send in one cup with different country","1","0","0%","1"
"usually if i send money to uk from india through bank how much money is deducted in exchange rate","1","1","100%","1"
"how to send money international","1","1","100%","3"
"oman to nigeria account","1","0","0%","4"
"sending money to mexico with remitly fees","1","1","100%","8"
"ria remittance rate today canadian to philippine peso","1","0","0%","6"
"iban ベルギー","1","0","0%","10"
"what is canada's country code for iban","1","0","0%","4"
"revolut transaction fee","1","1","100%","2"
"way of sending money to kenya","1","0","0%","2"
"us dollar index dxy current may 2026","1","1","100%","7"
"transfer your money from china","1","0","0%","2"
"what is the  current interest rate on transfer wise","1","0","0%","4"
"iban irlanda","1","0","0%","7"
"revolut compared to nationwide","1","1","100%","2"
"br iban format","1","0","0%","9"
"limits for sending money","1","1","100%","4"
"rbc send euro to romania","1","0","0%","7"
"codigo bic/swift banco hbl pakistabn","1","0","0%","4"
"a que banco pertenece el iban irlanda 29","1","1","100%","7"
"forge in exchange mark up fees 3.5%","1","1","100%","9"
"ベルギー iban 構成","1","1","100%","7"
"what is bank swift code in mexico","1","0","0%","3"
"suffixe numero banque neo zelanaisse","1","1","100%","3"
"taptap vs remitly#","1","0","0%","3"
"iban numbers for egyptian bank","1","1","100%","1"
"2026 western union send money to china page","1","0","0%","4"
"que banco tiene en reino unido swift naiagb21","1","0","0%","10"
"changes in netherlands iban","1","1","100%","2"
"branch id german iban","1","1","100%","5"
"cheapest way to send euros from canada to europe","1","0","0%","5"
"who give the best net transfer rate to philippines","1","1","100%","1"
"mparing wise and remitly, consider the following:","1","0","0%","2"
"forecast dollar di semester 2 2026","1","1","100%","1"
"spain iban フォーマット","1","0","0%","6"
"how do du cash pick ups work in the philippines from uae today","1","1","100%","7"
"is that profitable sending jpy to usd in sri lanka","1","0","0%","10"
"what is more expensive sepa or international transfer when sending money from uk to poland","1","1","100%","1"
"€12,847 maximum you can transfer","1","0","0%","2"
"how much for tsb bank to send money to santander bank spain","1","0","0%","10"
"currency exchange account","1","0","0%","10"
"may 15 2026 wise revolut remitly airwallex fintech","1","0","0%","2"
"how much money can i transfer internationally","1","0","0%","2"
"banque iban neerlandais","1","0","0%","6"
"cheapest bank wire transfer fee","1","0","0%","6"
"what is markup rate in money market","1","0","0%","1"
"compare remitly and taptap price difference","1","1","100%","1"
"iban lussemburg format","1","0","0%","4"
"is the usd expected to drop or raise over 2027","1","0","0%","2"
"cad to spain cost comparison","1","0","0%","1"
"bic made in morocco","1","0","0%","10"
"estrictira de iban irlandés","1","0","0%","3"
"gbp to pkr forecast","1","0","0%","7"
"cheapest way to tranfer money from overseas to my australia bank","1","0","0%","8"
"US dollar value 2026","1","0","0%","4"
"transer money to germany better under 10000 euro each time","1","0","0%","1"
"money transfer to ghana from uk","1","0","0%","5"
"transfer money from uk to india","1","1","100%","3"
"what is better to send euros from usa, schwab or wise?","1","1","100%","4"
"best iban number","1","0","0%","3"
"sweden what bank account information does someone need to send payment?","1","0","0%","8"
"dfnb ghana code bic","1","0","0%","2"
"revolut depending on your plan, you may be charged a fee on all exchanges made on the weekend between 17:00 friday and 18:00 sunday, eastern time (et).","1","1","100%","2"
"remitly audtrslia to.zim","1","0","0%","4"
"les banques pakistanaises utilisent-elle le swift","1","0","0%","2"
"conversion iban rumano a swift","1","1","100%","3"
"will the dollar go up in 2026","1","0","0%","3"
"サウジアラビア ibanコード","1","0","0%","7"
"iban 桁数　サウジアラビア","1","0","0%","9"
"does a swedish bank account have an iban","1","0","0%","3"
"is there a limit to the amount of money an american husband can send his italian wife in italy from the us?","1","0","0%","4"
"commision per wire transfer","1","0","0%","8"
"italy iban","1","0","0%","1"
"does wise still have adrs after primary listing on the nasdaq","1","1","100%","1"
"usd index dxy may 20 2026 forex","1","1","100%","5"
"codigos swif colombia","1","0","0%","8"
"swiss to spain iban tarif","1","1","100%","1"
"best money transfer from india to uk","1","1","100%","9"
"revolut airwallex teya flatpay dojo european payments 2026","1","0","0%","3"
"italy bank code 03608","1","1","100%","3"
"brazil national bank id 8 characters change","1","1","100%","8"
"corporate account, wechat transfer, alipay transfer","1","0","0%","7"
"us dollar forecast for 2026","1","1","100%","3"
"revolut account multicurrency","1","0","0%","3"
"comparison fees to send money to peru from usa","1","1","100%","1"
"tener un iban de irlanda","1","0","0%","6"
"dollar index dxy forecast 2026 de-dollarization trend","1","0","0%","8"
"best money transfer to india from canada","1","1","100%","2"
"euro exchange rate forecast 2026","1","0","0%","4"
"how to send money internationally","1","1","100%","2"
"money transfer limit to yemen","1","1","100%","7"
"fr iban example","1","0","0%","7"
"nl citi bank  iban ban account example","1","1","100%","4"
"howto send a bank card to spain","1","0","0%","10"
"usd to egp banks tax amounts comparison","1","1","100%","1"
"what maximum amount can i transfer abroad from belgium","1","1","100%","4"
"how to transfer from wise to ph bank for free or low cost","1","1","100%","2"
"send money to france","1","0","0%","9"
"best way to transfer money from usa to philippines","1","1","100%","2"
"ghana commercial bank   code bic","1","0","0%","6"
"best way to send money to philippines with best rates","1","1","100%","2"
"commercial bank april 2026 exchange rate","1","0","0%","5"
"revolut charges abroad","1","0","0%","2"
"will the dollar get stronger or weaker in 2026","1","1","100%","2"
"transfer from usd to egp","1","1","100%","2"
"iban number for switzerland bank account","1","0","0%","5"
"how much does revolut charge fir overseas transaction","1","1","100%","3"
"first bank swift code in nigeria","1","2","200%","8"
"dollar value forecast average for 2026-27","1","1","100%","1"
"revolut max exchange","1","1","100%","3"
"other money exchange apps like sendfp or","1","1","100%","2"
"best rates for transfering money from germany to morocco","1","1","100%","2"
"is it better to yse chase or wells farg to convert usd to euro","1","1","100%","3"
"nl tag25 iban or bban format","1","0","0%","3"
"revolut limit of payment with card","1","0","0%","5"
"iban koweit format","1","0","0%","9"
"revolut multiple currency accounts","1","1","100%","3"
"rea money remit to the philippnies","1","0","0%","5"
"us to china money transfer","1","0","0%","8"
"2026 best iban","1","0","0%","7"
"revolut incoming fees from us","1","0","0%","2"
"how to transfer money between banks japan to philippines","1","0","0%","5"
"iban roumanie","1","0","0%","7"
"cheapest way to exchange large sum ils to usd","1","1","100%","2"
"espagne iban","1","0","0%","9"
"uk to india money transfer charges","1","1","100%","2"
"transfer 100 gbp from uk to chian","1","0","0%","10"
"remitly v wise in all levels including paid","1","1","100%","2"
"how much does it cost to convert 50000 eur to usd and send it to bahama.","1","0","0%","2"
"best google apps for sending money internationally","1","1","100%","6"
"what is the check digit for bpm italy","1","0","0%","1"
"what is the maximum you can send abroad via paypal","1","1","100%","3"
"what is the rate of temfi compares to other rate for money transfer services","1","1","100%","1"
"how much money can i send via wise every month from uk to philippines","1","0","0%","5"
"send money to nigeria: new cbn naira-only rule","1","1","100%","1"
"what's the limit to send in remitly?","1","0","0%","7"
"western union fees to send money","1","0","0%","6"
"simplest option to send money order internationally","1","0","0%","6"
"what is the es number on a spanish bank account called","1","0","0%","5"
"how much money can i send to another country","1","1","100%","3"
"litvinia western union account daily limit 2026","1","1","100%","5"
"revolut cost of bank transfer in sek","1","1","100%","2"
"weasy ways to send money to the philipines","1","1","100%","2"
"スイス iban","1","0","0%","7"
"is the dollar going to get stronger 2026","1","1","100%","3"
"consumer feedback about the money transfer program xm xoom","1","1","100%","3"
"polonia iban sepa","1","0","0%","5"
"revolut usa","1","0","0%","3"
"transferencia swift melhor orretora para receber","1","0","0%","6"
"wise.com vs paypal","1","1","100%","5"
"money transfer from canada to india ways","1","0","0%","2"
"ria money transfer 40€ send to spain comission is how much","1","0","0%","7"
"hkd to php western union hk","1","0","0%","4"
"safest money transfer app","1","1","100%","8"
"best app to send pakistan money","1","0","0%","1"
"top ten money transfer companies to india from uk","1","1","100%","1"
"what is the iban number in banking for southi arebia","1","0","0%","6"
"`apps alike wise to send money internacionally with no cost","1","0","0%","1"
"is there a limit to how much gbp i can send in usd to someone in amaerica on paypal","1","0","0%","6"
"italy air services iban","1","1","100%","2"
"best way to transfer money from france to uk","1","1","100%","10"
"is it cheaper to send money via wise or lloyds bank","1","0","0%","2"
"top cash transfer apps","1","0","0%","4"
"level of inflation usd 2026 2027","1","1","100%","1"
"money apps in 2026 to send payments legit","1","1","100%","2"
"best way to send money to japan to india","1","0","0%","7"
"wiki italian iban code","1","1","100%","2"
"iban structure of brazil","1","0","0%","9"
"absa bank of kenya bic","1","0","0%","7"
"us dollar 2026. against a basket 2026","1","0","0%","6"
"us dollar index dxy price may 22 23 2026","1","1","100%","9"
"can i transfer money to lebanon","1","0","0%","6"
"eg bank iban","1","0","0%","8"
"fee sending euros to albanian bank revolut ?","1","1","100%","2"
"send money to philippines from usa best rates comparison","1","1","100%","1"
"iban example post switzerland","1","0","0%","7"
"fsb payment summit 2026 swift","1","1","100%","9"
"is it free to transfer usd across uae banks","1","0","0%","5"
"limit in india for sending money internationally","1","1","100%","7"
"usa to south africa money transfer","1","0","0%","7"
"us dollar 2026 appreciated","1","0","0%","4"
"mari bank bic code philippines","1","0","0%","6"
"is wise different from western union","1","0","0%","3"
"the us dollar vs othe country 2026","1","1","100%","1"
"transfert paypal vs revolut","1","1","100%","1"
"is it better to send money to poland in usd or pln","1","1","100%","1"
"alipay china to us transfer","1","0","0%","3"
"revolut fees saturday euros to zloty","1","0","0%","2"
"how often do people loose money in western union","1","0","0%","8"
"best way to transfer money usa to spain","1","1","100%","2"
"best way to send money to china from usa","1","0","0%","1"
"exemple iban israel","1","0","0%","10"
"when using alipay for payment from us to china do i pay in us dollars or yuan","1","1","100%","2"
"best app for sending money","1","0","0%","1"
"what an iban number ai answer","1","0","0%","1"
"iban belga a sepa","1","1","100%","1"
"what's the cheapest way to send money from the us to ghana?","1","0","0%","5"
"send money to egypt","1","0","0%","8"
"dk registration number and iban","1","1","100%","2"
"emirates iban number","1","0","0%","1"
"money transfer to philippines from usa online apply credit","1","4","400%","8"
"kyc bank us bank revolut bank","1","3","300%","1"
"italian national code for bank in italy","1","1","100%","1"
"dxy dollar index may 19 2026 eur usd gbp usd usd jpy","1","1","100%","9"
"money gram cash to bank","1","0","0%","3"
"bank iban saudi","1","0","0%","8"
"cbest option to get cash in spain from canadan bank","1","0","0%","4"
"cheapest way to send money from canada to uk","1","0","0%","9"
"cheapest way to send money","1","0","0%","5"
"taptap hidden fee","1","0","0%","5"
"european bank iban germany","1","1","100%","1"
"western union limit per transaction","1","0","0%","8"
"iban blz germany wire","1","1","100%","1"
"best way sending money from kenya to spain","1","0","0%","8"
"canadian money send to india online transfer","1","0","0%","10"
"gbp to cad","1","0","0%","6"
"qatar commercial bank iban number ki vabe pabo bangla","1","0","0%","8"
"wise transfer fee usd to php","1","0","0%","8"
"60usd to send with clicksend it how much","1","0","0%","6"
"what are the national bank codes in italy per intesa san paolo ?","1","1","100%","6"
"currencybest way to send money to vietnam converter","1","0","0%","1"
"usd to euro predictions 2026","1","1","100%","4"
"international money wire transfer fee","1","1","100%","7"
"best way to send cheap money to india from usa","1","0","0%","6"
"spanish iban example","1","0","0%","6"
"structure iban belgium compute check digit","1","0","0%","4"
"money transfer to philippines from usa online banking","1","1","100%","4"
"フランス　iban","1","0","0%","8"
"us dollar index dxy may 2026 latest","1","1","100%","2"
"does revolut charge to send euros","1","1","100%","2"
"example iban for ch","1","0","0%","5"
"what format does italo require iban in?","1","1","100%","2"
"whats the best way to send money to philippines","1","2","200%","1"
"lanka clear branch codes","1","0","0%","8"
"ways to send money over the world","1","1","100%","2"
"value of remittances sent to india from bahrain","1","0","0%","5"
"mobile app for money transfer","1","0","0%","8"
"ja, sending money to kenya","1","0","0%","5"
"canadian money transfer to philippines","1","0","0%","2"
"how do i convert usd to brl?","1","0","0%","7"
"アイルランド　iban","1","0","0%","6"
"what is the limit to send money to telebirr ethiopia?","1","0","0%","3"
"wester union revolut","1","0","0%","3"
"best ways to transfer money cheaply","1","0","0%","7"
"will us dollar go up","1","0","0%","4"
"best app used to transfer money from country to country","1","0","0%","3"
"how much is chases converison rate on pay pal","1","0","0%","1"
"cheapest euro to gbp transfer","1","1","100%","1"
"iban belgium","1","1","100%","8"
"us dollar index dxy may 2026 current level trend","1","0","0%","3"
"what is a swift code and how do i find my bank's specific code online","1","0","0%","6"
"transferring money to bangladesh","1","0","0%","5"
"bic iban pérou","1","0","0%","8"
"can you send 2000 dollors to china  western union into a wechat pay accout without problems","1","1","100%","2"
"remitly and wise competitors","1","1","100%","3"
"money transfer bangladesh","1","0","0%","9"
"swift cooperative bank kenya","1","0","0%","6"
"send money best app","1","0","0%","5"
"ポルトガル　iban","1","0","0%","7"
"spanish iban begninngin numbers","1","0","0%","7"
"can you send more money out of a country","1","0","0%","1"
"value of remittances being sent from uk to pakistan","1","1","100%","1"
"wise nasdaq listing","1","1","100%","1"
"wha is the best way to send money to trinidad and tobago","1","1","100%","4"
"how many digits in uae iban","1","1","100%","4"
"what is the bank swift code in canada","1","0","0%","5"
"wise send money to ethiopia","1","0","0%","6"
"central bank rate as of 3/4/2026","1","0","0%","9"
"how much money can you send internationally per year to vietnam","1","1","100%","2"
"iban bank austria","1","2","200%","1"
"ecb boe rate decision april 30 2026 preview","1","0","0%","6"
"bank code for iban in begism","1","0","0%","4"
"xoom creditcard","1","0","0%","4"
"send money to spain","1","0","0%","6"
"wotransfer remittance business update may 2026","1","0","0%","5"
"online money transfer to philippines from usa to","1","1","100%","2"
"will the gbp fall from june 2026","1","1","100%","1"
"sweden bank accoutn 14 digits","1","0","0%","8"
"compate wise and remitly","1","1","100%","2"
"apps for sending money worldwide","1","1","100%","2"
"iban pln","1","0","0%","4"
"is it cheaper to exchange money in vietnam or england?","1","0","0%","2"
"wise send money from germ any to ecuador","1","0","0%","10"
"taptap rate in bd","1","0","0%","3"
"wise transfer to rwanda","1","0","0%","2"
"limit balance for wire transfer overseas","1","1","100%","4"
"transfer money from eu to turkey","1","0","0%","10"
"ghana swift codes and banks on excel","1","1","100%","3"
"find inter money transfer promo code","1","1","100%","2"
"how to send money to a person in mexico from the united states","1","1","100%","10"
"iban brazil format branch account type example","1","0","0%","8"
"money transfer apps international","1","0","0%","4"
"what is the tax fee to transfer your aud money to zar","1","0","0%","5"
"xe nz uk","1","0","0%","8"
"free money transfer company from usa to bangladesh","1","1","100%","1"
"wise cnh recipent","1","0","0%","4"
"does revolut count spending in foreign exchange monthly limits","1","1","100%","3"
"western union é da remitly","1","0","0%","5"
"international swift transfer limits","1","0","0%","1"
"bagusan mana wise dengan western union","1","0","0%","3"
"us dollar index dxy forecast 2026 gold correlation","1","0","0%","9"
"iban sueco","1","0","0%","5"
"nigeria forex dollar ban may 2026 naira payment","1","1","100%","5"
"traditional bank wires are slow and expensive","1","1","100%","3"
"pakistan iban fac simile","1","0","0%","7"
"dollar forecast 2025 2026 2027","1","1","100%","3"
"does revolut charge to exchange money","1","0","0%","2"
"us to china transfers 2026: fast, low-fee & reliable","1","1","100%","2"
"xoom cash pickup in belize","1","1","100%","2"
"taptap rates today","1","0","0%","5"
"does be at the start of an iban mean its in belgium","1","0","0%","2"
"ria money transfer in india","1","0","0%","2"
"hsbc bank vs td bank canada","1","0","0%","5"
"free fee send money in the philippines","1","1","100%","1"
"wise vs remitly international transfer charges","1","1","100%","1"
"wise exchange","1","0","0%","5"
"what is canadas iban format","1","0","0%","9"
"how to send money without paying high fees","1","0","0%","4"
"revolut card charges for foreign exchange","1","1","100%","3"
"cheapest way to send money to india from usa","1","1","100%","3"
"if customer wants to send money to poland account number ?","1","0","0%","4"
"whre to soend $61.06 in south korea","1","0","0%","2"
"compare rates transfer to nigeria","1","1","100%","2"
"usd dollar index dxy may 20 2026 latest level","1","1","100%","7"
"how much is remitly fee to send $1 to philippines","1","0","0%","6"
"brazilian bank account number","1","0","0%","10"
"ibanコード nl","1","0","0%","10"
"iban example number spain","1","0","0%","8"
"daily transfer limit in french","1","0","0%","9"
"bank transfer us to poland cost for large amount","1","1","100%","1"
"what part of iban is account number in spain","1","0","0%","7"
"are bank account numbers on italian bank cards","1","0","0%","1"
"en cuanto esta la taza de remitli","1","0","0%","5"
"sepa instant regulatory guidance and upcoming deadlines 2026","1","1","100%","3"
"send vnd to vietnam","1","0","0%","6"
"iban code includes what in italy","1","1","100%","1"
"best sending money to egypt","1","1","100%","2"
"what comissions does revolut apply to exchange to usd","1","1","100%","3"
"best app to send money across countries","1","0","0%","7"
"how much worse is hsbc spread compared to revolut usd gbp","1","1","100%","1"
"ria price in india","1","0","0%","4"
"can i rransfer money out of revolut to natwest","1","0","0%","4"
"how much can you transfer to wise","1","0","0%","4"
"taptap portugal to bangladesh euro rate","1","0","0%","3"
"western union transfer limit","1","0","0%","6"
"what is the cheapest way to convert my money from eur to dollar","1","1","100%","2"
"camel pay send to money uae to india   banking transfer","1","1","100%","2"
"code pays banque israel","1","0","0%","6"
"western union 和 moneygram","1","0","0%","8"
"sendmomey compare","1","1","100%","1"
"iban number countries","1","0","0%","10"
"barclays blue v revolut plus","1","1","100%","2"
"iban code to spain bank","1","0","0%","8"
"us dollar exchange rate today philippine peso","1","0","0%","6"
"are global money transfers safe?","1","0","0%","5"
"how long are iban numbers in spain","1","0","0%","7"
"paypal vs natwest transfer","1","0","0%","2"
"how long is an iban number for italy","1","0","0%","6"
"iban coordinates for italian bank accounts","1","0","0%","3"
"qué sale más caro enviar transferencias pequeñas o grandes?","1","0","0%","9"
"sending funds to italy account number or iban","1","1","100%","3"
"transfer money from uk to india atm","1","1","100%","1"
"polish domestic bank codes","1","1","100%","1"
"what transaction in california to philippines online to send money aside from viamericas and remitly","1","0","0%","4"
"best apps to send money","1","0","0%","3"
"german bank check example","1","0","0%","1"
"transfer money from uk to india reddit","1","1","100%","2"
