"Page","Impressions","Clicks","CTR","Avg. Position"
"https://sendmoneycompare.com/guides/best-money-transfer-apps","6789","32","0.47000000000000003%","3.48047984975696"
"https://sendmoneycompare.com/companies/remitly","6101","11","0.18%","5.771675135223734"
"https://sendmoneycompare.com/guides/us-dollar-forecast-2026","2039","47","2.31%","3.8513876900441395"
"https://sendmoneycompare.com/guides/money-transfer-limits-by-provider-country","999","19","1.9000000000000001%","5.532517617617618"
"https://sendmoneycompare.com/guides/iban-numbers-explained","809","0","0%","7.229921878862792"
"https://sendmoneycompare.com/iban/italy","723","22","3.04%","4.3402507607192256"
"https://sendmoneycompare.com/guides/revolut-foreign-transaction-fees-2026","615","27","4.39%","3.3756108943089433"
"https://sendmoneycompare.com/iban/germany","567","10","1.76%","4.73721569664903"
"https://sendmoneycompare.com/guides/send-money-to-philippines-guide","486","36","7.41%","3.995890534979423"
"https://sendmoneycompare.com/iban/spain","443","1","0.23%","6.085777652370205"
"https://sendmoneycompare.com/guides/wire-transfer-guide","429","7","1.6300000000000001%","6.909090209790212"
"https://sendmoneycompare.com/exchange-rates/usd-to-php","423","2","0.47000000000000003%","7.099277541371158"
"https://sendmoneycompare.com/iban/poland","390","9","2.31%","5.382059487179488"
"https://sendmoneycompare.com/companies/taptap-send","382","5","1.31%","4.562818848167538"
"https://sendmoneycompare.com/iban/united-arab-emirates","379","5","1.32%","4.799470976253298"
"https://sendmoneycompare.com/iban/ireland","326","10","3.0700000000000003%","4.187130061349692"
"https://sendmoneycompare.com/iban/belgium","313","10","3.19%","4.616616932907348"
"https://sendmoneycompare.com/iban/france","298","3","1.01%","6.389265100671142"
"https://sendmoneycompare.com/iban/sweden","297","3","1.01%","6.3434346801346795"
"https://sendmoneycompare.com/iban/netherlands","292","2","0.68%","5.071916095890411"
"https://sendmoneycompare.com/companies/xoom","288","3","1.04%","6.781243055555556"
"https://sendmoneycompare.com/iban/switzerland","284","1","0.35000000000000003%","5.447169366197184"
"https://sendmoneycompare.com/swift-codes/ghana","273","0","0%","6.494523076923078"
"https://sendmoneycompare.com/iban/luxembourg","271","0","0%","7.136529151291513"
"https://sendmoneycompare.com/swift-codes/philippines","262","0","0%","7.041963358778626"
"https://sendmoneycompare.com/guides/revolut-us-banking-license-2026","251","6","2.39%","4.613552988047808"
"https://sendmoneycompare.com/iban/egypt","244","10","4.1%","4.9426147540983605"
"https://sendmoneycompare.com/swift-codes/kenya","238","2","0.84%","6.957969747899159"
"https://sendmoneycompare.com/news/april-2026-central-bank-calendar","233","3","1.29%","6.6437957081545065"
"https://sendmoneycompare.com/iban/saudi-arabia","227","1","0.44%","6.264315418502203"
"https://sendmoneycompare.com/companies/wise","202","1","0.5%","4.693079207920792"
"https://sendmoneycompare.com/guides/send-money-to-china-guide","185","11","5.95%","3.2324308108108104"
"https://sendmoneycompare.com/swift-codes/united-kingdom","177","1","0.56%","5.316384745762712"
"https://sendmoneycompare.com/iban/pakistan","176","5","2.84%","4.954526704545454"
"https://sendmoneycompare.com/companies/worldremit","169","0","0%","7.846162721893493"
"https://sendmoneycompare.com/swift-codes/sri-lanka","140","1","0.71%","7.378573571428572"
"https://sendmoneycompare.com/news/wise-nasdaq-dual-listing-may-2026","136","8","5.88%","5.183810294117647"
"https://sendmoneycompare.com/guides/multi-currency-accounts-exchange-rates","135","1","0.74%","6.266666666666666"
"https://sendmoneycompare.com/iban/portugal","134","1","0.75%","5.507471641791044"
"https://sendmoneycompare.com/iban/romania","118","0","0%","5.576261864406779"
"https://sendmoneycompare.com/swift-codes/ireland","113","0","0%","6.725685840707964"
"https://sendmoneycompare.com/iban/qatar","101","0","0%","4.514828712871287"
"https://sendmoneycompare.com/iban/brazil","95","1","1.05%","5.926334736842105"
"https://sendmoneycompare.com/guides/best-money-transfer-services","94","3","3.19%","5.489367021276595"
"https://sendmoneycompare.com/guides/business-international-payments-guide","88","0","0%","4.340881818181818"
"https://sendmoneycompare.com/iban/hungary","83","1","1.2%","5.614451807228916"
"https://sendmoneycompare.com/guides/how-to-send-money-abroad","83","3","3.61%","4.180728915662651"
"https://sendmoneycompare.com/exchange-rates/gbp-to-pkr","82","1","1.22%","6.134156097560976"
"https://sendmoneycompare.com/companies/ofx","71","1","1.41%","6.549295774647887"
"https://sendmoneycompare.com/compare/moneygram-vs-western-union","68","0","0%","7.5146911764705875"
"https://sendmoneycompare.com/guides/send-money-to-mexico-guide","65","4","6.15%","2.9384553846153842"
"https://sendmoneycompare.com/iban/austria","62","4","6.45%","4.790304838709678"
"https://sendmoneycompare.com/news/eu-instant-payments-mandate-2026","62","2","3.23%","4.370954838709678"
"https://sendmoneycompare.com/guides/send-money-uk-to-india-guide","52","5","9.620000000000001%","2.7884442307692305"
"https://sendmoneycompare.com/guides/wise-vs-remitly-comparison","50","3","6%","4.379994"
"https://sendmoneycompare.com/guides/euro-forecast-2026","49","7","14.290000000000001%","4.95919387755102"
"https://sendmoneycompare.com/iban/denmark","47","0","0%","6.170212765957445"
"https://sendmoneycompare.com/es/swift-codes/colombia","45","0","0%","7.911131111111112"
"https://sendmoneycompare.com/iban/finland","37","0","0%","6.540575675675676"
"https://sendmoneycompare.com/guides/exchange-rate-markup-explained","34","4","11.76%","3.029414705882353"
"https://sendmoneycompare.com/send-money/usd-to-egp","30","2","6.67%","2.799993333333333"
"https://sendmoneycompare.com/iban/turkey","26","0","0%","5.80765"
"https://sendmoneycompare.com/guides/swift-codes-explained","26","0","0%","7.576953846153846"
"https://sendmoneycompare.com/news/eu-instant-payments-mandatory-2026","25","1","4%","2.2"
"https://sendmoneycompare.com/exchange-rates/usd-to-pkr","25","0","0%","7.880044000000001"
"https://sendmoneycompare.com/swift-codes/malaysia","24","1","4.17%","5.833366666666667"
"https://sendmoneycompare.com/companies/western-union","22","1","4.55%","6.409118181818183"
"https://sendmoneycompare.com/compare/wise-vs-remitly","21","2","9.52%","3.2857000000000003"
"https://sendmoneycompare.com/guides/send-money-to-jamaica-guide","20","1","5%","4.65"
"https://sendmoneycompare.com/exchange-rates/history/usd-to-gbp","20","0","0%","6"
"https://sendmoneycompare.com/swift-codes/egypt","19","0","0%","6.526321052631579"
"https://sendmoneycompare.com/iban/israel","18","1","5.5600000000000005%","6.166716666666667"
"https://sendmoneycompare.com/send-money/usa-to-tanzania","18","0","0%","7"
"https://sendmoneycompare.com/swift-codes/nigeria","17","3","17.650000000000002%","6.411776470588235"
"https://sendmoneycompare.com/guides/hidden-fees-international-transfers","17","2","11.76%","4.882329411764706"
"https://sendmoneycompare.com/companies/moneygram","16","0","0%","6.062468750000001"
"https://sendmoneycompare.com/guides/multi-currency-account-wars-2026","16","0","0%","8.625"
"https://sendmoneycompare.com/guides/cheapest-way-to-send-money-internationally","15","0","0%","9.133333333333333"
"https://sendmoneycompare.com/iban","15","0","0%","5.1333"
"https://sendmoneycompare.com/guides/send-money-to-ethiopia-guide","14","0","0%","5.857135714285714"
"https://sendmoneycompare.com/compare/wise-vs-paypal","12","0","0%","6.4167"
"https://sendmoneycompare.com/guides/send-money-to-kenya-guide","12","0","0%","3.2500083333333336"
"https://sendmoneycompare.com/swift-codes/new-zealand","12","0","0%","6.25"
"https://sendmoneycompare.com/iban/norway","11","0","0%","5.818200000000001"
"https://sendmoneycompare.com/compare/paypal-vs-revolut","11","0","0%","3.1818"
"https://sendmoneycompare.com/guides/send-money-uae-to-india-guide","10","1","10%","2.30002"
"https://sendmoneycompare.com/compare/remitly-vs-western-union","10","1","10%","4.20002"
"https://sendmoneycompare.com/guides/send-money-to-pakistan-guide","9","0","0%","3.3333333333333335"
"https://sendmoneycompare.com/send-money/send-money-to-cameroon","9","1","11.11%","4.333333333333333"
"https://sendmoneycompare.com/send-money/send-money-to-egypt","9","0","0%","5.2222333333333335"
"https://sendmoneycompare.com/guides/send-money-canada-to-india-guide","9","2","22.22%","3.5555555555555554"
"https://sendmoneycompare.com/guides/pakistan-rupee-forecast-2026","9","0","0%","8.222233333333334"
"https://sendmoneycompare.com/swift-codes/mexico","8","0","0%","4.625"
"https://sendmoneycompare.com/fr/iban/romania","8","0","0%","7.375025"
"https://sendmoneycompare.com/fr/iban/spain","8","0","0%","6.8750625"
"https://sendmoneycompare.com/iban/kuwait","7","1","14.290000000000001%","4.1428714285714285"
"https://sendmoneycompare.com/guides/send-money-to-india-cash-pickup-ria","7","0","0%","3.857142857142857"
"https://sendmoneycompare.com/guides/how-to-send-money-from-china","7","1","14.290000000000001%","4.285714285714286"
"https://sendmoneycompare.com/iban/georgia","7","1","14.290000000000001%","5.8572"
"https://sendmoneycompare.com/send-money/canada-to-philippines","6","0","0%","2.8333166666666667"
"https://sendmoneycompare.com/guides/send-money-to-sri-lanka-guide","6","0","0%","6.5"
"https://sendmoneycompare.com/es/iban/ireland","6","1","16.67%","4.499983333333334"
"https://sendmoneycompare.com/guides/send-money-to-poland-guide","6","1","16.67%","3.8333333333333335"
"https://sendmoneycompare.com/es/iban/belgium","6","1","16.67%","4"
"https://sendmoneycompare.com/","6","1","16.67%","4.999983333333334"
"https://sendmoneycompare.com/guides/send-money-uae-to-pakistan-guide","5","1","20%","2.2"
"https://sendmoneycompare.com/es/iban/romania","5","2","40%","3.6"
"https://sendmoneycompare.com/send-money/bahrain-to-india","5","1","20%","2"
"https://sendmoneycompare.com/send-money/send-money-to-bangladesh","5","0","0%","5.8"
"https://sendmoneycompare.com/guides/xe-tax-season-cross-border-money-2026","5","0","0%","3.6"
"https://sendmoneycompare.com/swift-codes/canada","5","0","0%","6.4"
"https://sendmoneycompare.com/guides/send-money-to-nepal-guide","5","0","0%","7.2"
"https://sendmoneycompare.com/fr/iban/israel","4","0","0%","8"
"https://sendmoneycompare.com/send-money/send-money-to-rwanda","4","1","25%","2.5"
"https://sendmoneycompare.com/fr/swift-codes/brazil","4","2","50%","4.5"
"https://sendmoneycompare.com/send-money/uk-to-zimbabwe","4","1","25%","3.25"
"https://sendmoneycompare.com/compare/wise-vs-td-bank","4","0","0%","5.25"
"https://sendmoneycompare.com/send-money/australia-to-china","4","0","0%","6.5"
"https://sendmoneycompare.com/es/iban/norway","4","0","0%","7"
"https://sendmoneycompare.com/send-money/usa-to-israel","4","2","50%","3.5"
"https://sendmoneycompare.com/guides/send-money-to-south-korea-guide","4","1","25%","2"
"https://sendmoneycompare.com/send-money/uk-to-france","3","0","0%","7"
"https://sendmoneycompare.com/compare/wise-vs-revolut","3","2","66.67%","5.6667"
"https://sendmoneycompare.com/send-money/canada-to-spain","3","0","0%","2"
"https://sendmoneycompare.com/compare/worldremit-vs-ace-money-transfer","3","0","0%","4.3333"
"https://sendmoneycompare.com/send-money/send-money-to-uzbekistan","3","0","0%","3"
"https://sendmoneycompare.com/es","3","0","0%","6.666666666666667"
"https://sendmoneycompare.com/send-money/germany-to-turkey","3","2","66.67%","2"
"https://sendmoneycompare.com/compare/revolut-vs-hsbc","3","1","33.33%","4"
"https://sendmoneycompare.com/guides/send-money-uk-to-nigeria-guide","3","0","0%","6.6667"
"https://sendmoneycompare.com/guides/money-transfer-safety-guide","3","0","0%","5.6667"
"https://sendmoneycompare.com/iban/greece","3","1","33.33%","2"
"https://sendmoneycompare.com/guides/send-money-to-spain-guide","3","0","0%","9"
"https://sendmoneycompare.com/send-money/usa-to-nigeria","3","3","100%","3.3333333333333335"
"https://sendmoneycompare.com/send-money/uk-to-mexico","3","0","0%","3"
"https://sendmoneycompare.com/swift-codes/united-arab-emirates","3","1","33.33%","6"
"https://sendmoneycompare.com/fr/swift-codes/peru","3","0","0%","8"
"https://sendmoneycompare.com/compare/paypal-vs-hsbc","2","1","50%","2"
"https://sendmoneycompare.com/fr/swift-codes/india","2","0","0%","7.5"
"https://sendmoneycompare.com/news/fed-holds-rates-march-2026-one-cut-dot-plot","2","1","50%","8"
"https://sendmoneycompare.com/es/iban/austria","2","0","0%","6.5"
"https://sendmoneycompare.com/fr/swift-codes/south-korea","2","0","0%","6"
"https://sendmoneycompare.com/send-money/canada-to-germany","2","0","0%","1"
"https://sendmoneycompare.com/fr/swift-codes/pakistan","2","0","0%","2"
"https://sendmoneycompare.com/fr/send-money/france-to-turkey","2","0","0%","2"
"https://sendmoneycompare.com/pt","2","0","0%","5"
"https://sendmoneycompare.com/send-money/usa-to-poland","2","1","50%","1"
"https://sendmoneycompare.com/guides/send-money-to-australia-guide","2","0","0%","5"
"https://sendmoneycompare.com/send-money/hong-kong-to-philippines","2","0","0%","6.5"
"https://sendmoneycompare.com/send-money/send-money-to-taiwan","2","0","0%","9.5"
"https://sendmoneycompare.com/compare/chase-vs-wells-fargo","2","1","50%","3"
"https://sendmoneycompare.com/send-money/saudi-arabia-to-philippines","2","0","0%","3.5"
"https://sendmoneycompare.com/send-money/send-money-to-paraguay","2","0","0%","8"
"https://sendmoneycompare.com/guides/send-money-to-south-africa-guide","2","0","0%","2"
"https://sendmoneycompare.com/iban/cyprus","2","0","0%","8"
"https://sendmoneycompare.com/send-money/uk-to-nepal","2","2","100%","4"
"https://sendmoneycompare.com/send-money/india-to-uk","2","1","50%","2.5"
"https://sendmoneycompare.com/send-money/send-money-to-mauritius","2","0","0%","6.5"
"https://sendmoneycompare.com/es/iban/egypt","2","1","50%","4"
"https://sendmoneycompare.com/fr/swift-codes/new-zealand","2","1","50%","3.5"
"https://sendmoneycompare.com/exchange-rates/usd-to-brl","1","0","0%","3"
"https://sendmoneycompare.com/es/iban/brazil","1","0","0%","9"
"https://sendmoneycompare.com/send-money/uk-to-pakistan","1","1","100%","3"
"https://sendmoneycompare.com/guides/send-money-to-uk-guide","1","0","0%","9"
"https://sendmoneycompare.com/send-money/eur-to-usd","1","0","0%","2"
"https://sendmoneycompare.com/guides/stablecoin-vs-wire-transfer-comparison","1","0","0%","3"
"https://sendmoneycompare.com/es/iban/sweden","1","0","0%","5"
"https://sendmoneycompare.com/send-money/canada-to-india","1","0","0%","1"
"https://sendmoneycompare.com/send-money/usa-to-south-africa","1","0","0%","7"
"https://sendmoneycompare.com/news/swift-75-percent-payments-ten-minutes-fsb-stablecoins-thunes-2026","1","1","100%","9"
"https://sendmoneycompare.com/send-money/send-money-to-germany","1","0","0%","1"
"https://sendmoneycompare.com/news/revolut-files-us-bank-charter-2026","1","0","0%","5"
"https://sendmoneycompare.com/es/send-money/ireland-to-brazil","1","0","0%","5"
"https://sendmoneycompare.com/send-money/send-money-to-ethiopia","1","0","0%","6"
"https://sendmoneycompare.com/guides/send-money-to-vietnam-guide","1","0","0%","1"
"https://sendmoneycompare.com/send-money","1","1","100%","1"
"https://sendmoneycompare.com/send-money/oman-to-nigeria","1","0","0%","4"
"https://sendmoneycompare.com/send-money/send-money-to-lebanon","1","0","0%","6"
"https://sendmoneycompare.com/send-money/france-to-uk","1","1","100%","10"
"https://sendmoneycompare.com/compare/wise-vs-chase","1","0","0%","2"
"https://sendmoneycompare.com/send-money/uk-to-china","1","0","0%","10"
"https://sendmoneycompare.com/compare/hsbc-vs-td-bank","1","0","0%","5"
"https://sendmoneycompare.com/es/iban/hungary","1","0","0%","9"
"https://sendmoneycompare.com/send-money/usa-to-peru","1","1","100%","1"
"https://sendmoneycompare.com/send-money/send-money-to-morocco","1","0","0%","7"
"https://sendmoneycompare.com/send-money/portugal-to-bangladesh","1","0","0%","3"
"https://sendmoneycompare.com/compare/revolut-vs-natwest","1","0","0%","3"
"https://sendmoneycompare.com/compare/wise-vs-lloyds","1","0","0%","2"
"https://sendmoneycompare.com/guides/send-money-to-colombia-guide","1","0","0%","3"
"https://sendmoneycompare.com/compare/wise-vs-western-union","1","0","0%","3"
"https://sendmoneycompare.com/news/revolut-africa-14-corridors-airtel-mtn-orange-money-2026","1","0","0%","4"
"https://sendmoneycompare.com/send-money/send-money-to-dominican-republic","1","1","100%","9"
"https://sendmoneycompare.com/guides/eu-instant-payments-2026","1","0","0%","2"
"https://sendmoneycompare.com/guides/send-money-to-egypt-guide","1","0","0%","9"
"https://sendmoneycompare.com/iban/croatia","1","0","0%","2"
"https://sendmoneycompare.com/fr/swift-codes/morocco","1","0","0%","10"
"https://sendmoneycompare.com/compare/remitly-vs-taptap-send","1","0","0%","3"
"https://sendmoneycompare.com/send-money/japan-to-india","1","0","0%","7"
"https://sendmoneycompare.com/send-money/send-money-to-vietnam","1","0","0%","6"
"https://sendmoneycompare.com/send-money/uk-to-egypt","1","1","100%","2"
"https://sendmoneycompare.com/send-money/usa-to-uae","1","0","0%","5"
"https://sendmoneycompare.com/send-money/aud-to-zar","1","0","0%","5"
"https://sendmoneycompare.com/guides/send-money-to-turkey-guide","1","0","0%","10"
"https://sendmoneycompare.com/fr/iban/netherlands","1","0","0%","6"
"https://sendmoneycompare.com/fr","1","0","0%","4"
"https://sendmoneycompare.com/send-money/australia-to-france","1","1","100%","2"
"https://sendmoneycompare.com/es/iban/israel","1","0","0%","7"
"https://sendmoneycompare.com/send-money/europe-to-pakistan","1","0","0%","1"
"https://sendmoneycompare.com/send-money/australia-to-zimbabwe","1","0","0%","4"
